{
  "mtcnn_detection": {
    "mean": 53.425266800089354,
    "std": 11.727960325328391,
    "min": 28.799166000680998,
    "max": 80.12337499530986
  },
  "clnf_fitting": {
    "mean": 444.6588999669378,
    "std": 545.0042050085929,
    "min": 213.27300000120886,
    "max": 3351.1607499967795
  },
  "au_prediction": {
    "mean": 466.81366800015286,
    "std": 413.523873219237,
    "min": 222.9818330015405,
    "max": 2643.952124999487
  },
  "frame_total": {
    "mean": 964.9121250656511,
    "std": 953.428288230542,
    "min": 647.9009589966154,
    "max": 6061.42420800461
  }
}