{
  "mtcnn_detection": {
    "mean": 58.17908746588122,
    "std": 15.45302316349947,
    "min": 33.7388749976526,
    "max": 108.61545900115743
  },
  "clnf_fitting": {
    "mean": 911.4817958334849,
    "std": 302.42964832330904,
    "min": 631.6904999985127,
    "max": 2234.535915995366
  },
  "au_prediction": {
    "mean": 942.6012889336562,
    "std": 416.6572786084879,
    "min": 625.5621660020552,
    "max": 2995.9675000063726
  },
  "frame_total": {
    "mean": 1912.2777708330734,
    "std": 700.4475658742807,
    "min": 1396.96483300213,
    "max": 5301.95499999536
  }
}